"laplaphi","dphidz","dphidy","dphidx","dcdz","dcdy","rho","vx","vy","vz","phi","forceNSX","pressure","composition","forceNSY","potential","forceNSZ","t","dcdx","vtkValidPointMask","arc_length","Points:0","Points:1","Points:2"
-2.6608e-24,0,0,1.5864e-22,0,0,1,6.5317e-19,1.0033e-05,0,1.5874e-24,4.8505e-10,-4.8505e-12,0.3,5.1371e-06,-7.6494e-14,0,0,30,,0,-1.28,0.32,0
-2.6608e-24,0,0,1.5864e-22,0,0,1,6.5317e-19,1.0033e-05,0,1.5874e-24,4.8505e-10,-4.8505e-12,0.3,5.1371e-06,-7.6494e-14,0,0,30,,0.005,-1.275,0.32,0
-2.6347e-24,0,0,-3.9021e-26,0,0,1,-6.537e-19,2.9843e-05,0,1.5871e-24,0,-2.4253e-12,0.3,5.1371e-06,-7.6494e-14,0,0,-2.7756e-15,,0.015,-1.265,0.32,0
-2.6087e-24,0,0,-6.5238e-26,0,0,1,6.4967e-19,4.9345e-05,0,1.5866e-24,0,-2.4253e-12,0.3,5.1371e-06,-7.655e-14,0,0,0,,0.025,-1.255,0.32,0
-2.6074e-24,0,0,-9.1318e-26,0,0,1,-6.5137e-19,6.8539e-05,0,1.5858e-24,0,-2.4253e-12,0.3,5.1371e-06,-7.6494e-14,0,0,2.7756e-15,,0.035,-1.245,0.32,0
-2.6057e-24,0,0,-1.1738e-25,0,0,1,6.573e-19,8.7424e-05,0,1.5847e-24,0,-2.4253e-12,0.3,5.1371e-06,-7.6494e-14,0,0,-5.5511e-15,,0.045,-1.235,0.32,0
-2.6035e-24,0,0,-1.4343e-25,0,0,1,-6.4629e-19,0.000106,0,1.5834e-24,0,-2.4253e-12,0.3,5.1371e-06,-7.6605e-14,0,0,-2.7756e-15,,0.055,-1.225,0.32,0
-2.6009e-24,0,0,-1.6945e-25,0,0,1,6.4883e-19,0.00012427,0,1.5819e-24,0,-2.4253e-12,0.3,5.1371e-06,-7.655e-14,0,0,0,,0.065,-1.215,0.32,0
-2.598e-24,0,0,-1.9545e-25,0,0,1,-6.556e-19,0.00014223,0,1.58e-24,0,-2.4253e-12,0.3,5.1371e-06,-7.6605e-14,0,0,0,,0.075,-1.205,0.32,0
-2.5945e-24,0,0,-2.2141e-25,0,0,1,6.4883e-19,0.00015988,0,1.578e-24,0,-2.4253e-12,0.3,5.1371e-06,-7.655e-14,0,0,-2.7756e-15,,0.085,-1.195,0.32,0
-2.5907e-24,0,0,-2.4733e-25,0,0,1,-6.4544e-19,0.00017723,0,1.5756e-24,0,-2.4253e-12,0.3,5.1371e-06,-7.6661e-14,0,0,2.7756e-15,,0.095,-1.185,0.32,0
-2.5864e-24,0,0,-2.7322e-25,0,0,1,6.6069e-19,0.00019426,0,1.573e-24,0,-2.4253e-12,0.3,5.1371e-06,-7.6494e-14,0,0,2.7756e-15,,0.105,-1.175,0.32,0
-2.5817e-24,0,0,-2.9906e-25,0,0,1,-6.4374e-19,0.00021099,0,1.5701e-24,0,-2.4253e-12,0.3,5.1371e-06,-7.6605e-14,0,0,0,,0.115,-1.165,0.32,0
-2.5766e-24,0,0,-3.2485e-25,0,0,1,6.6407e-19,0.00022741,0,1.567e-24,0,-2.4253e-12,0.3,5.1371e-06,-7.6494e-14,0,0,2.7756e-15,,0.125,-1.155,0.32,0
-2.571e-24,0,0,-3.5059e-25,0,0,1,-6.3697e-19,0.00024352,0,1.5637e-24,0,-2.4253e-12,0.3,5.1371e-06,-7.655e-14,0,0,-5.5511e-15,,0.135,-1.145,0.32,0
-2.565e-24,0,0,-3.7627e-25,0,0,1,6.573e-19,0.00025932,0,1.56e-24,0,-2.4253e-12,0.3,5.1371e-06,-7.6605e-14,0,0,-2.7756e-15,,0.145,-1.135,0.32,0
-2.5586e-24,0,0,-4.0189e-25,0,0,1,-6.3697e-19,0.00027482,0,1.5561e-24,0,-2.4253e-12,0.3,5.1371e-06,-7.6605e-14,0,0,5.5511e-15,,0.155,-1.125,0.32,0
-2.5518e-24,0,0,-4.2744e-25,0,0,1,6.8101e-19,0.00029001,0,1.552e-24,0,-2.4253e-12,0.3,5.1371e-06,-7.6494e-14,0,0,2.7756e-15,,0.165,-1.115,0.32,0
-2.5446e-24,0,0,-4.5292e-25,0,0,1,-5.9631e-19,0.00030488,0,1.5476e-24,0,-2.4253e-12,0.3,5.1371e-06,-7.655e-14,0,0,-5.5511e-15,,0.175,-1.105,0.32,0
-2.5369e-24,0,0,-4.7833e-25,0,0,1,7.1828e-19,0.00031945,0,1.5429e-24,0,-2.4253e-12,0.3,5.1371e-06,-7.6605e-14,0,0,-2.7756e-15,,0.185,-1.095,0.32,0
-2.5288e-24,0,0,-5.0366e-25,0,0,1,-5.9631e-19,0.00033372,0,1.538e-24,0,-2.4253e-12,0.3,5.1371e-06,-7.6605e-14,0,0,0,,0.195,-1.085,0.32,0
-2.5203e-24,0,0,-5.289e-25,0,0,1,6.9457e-19,0.00034767,0,1.5328e-24,0,-2.4253e-12,0.3,5.1371e-06,-7.6605e-14,0,0,0,,0.205,-1.075,0.32,0
-2.5114e-24,0,0,-5.5406e-25,0,0,1,-5.9292e-19,0.00036132,0,1.5274e-24,0,-2.4253e-12,0.3,5.1371e-06,-7.6605e-14,0,0,-2.7756e-15,,0.215,-1.065,0.32,0
-2.5021e-24,0,0,-5.7913e-25,0,0,1,7.2506e-19,0.00037465,0,1.5218e-24,0,-2.4253e-12,0.3,5.1371e-06,-7.6661e-14,0,0,0,,0.225,-1.055,0.32,0
-2.4924e-24,0,0,-6.041e-25,0,0,1,-5.6243e-19,0.00038768,0,1.5159e-24,0,-2.4253e-12,0.3,5.1371e-06,-7.6605e-14,0,0,2.7756e-15,,0.235,-1.045,0.32,0
-2.4823e-24,0,0,-6.2898e-25,0,0,1,6.9118e-19,0.0004004,0,1.5097e-24,0,-2.4253e-12,0.3,5.1371e-06,-7.6605e-14,0,0,2.7756e-15,,0.245,-1.035,0.32,0
-2.4717e-24,0,0,-6.5375e-25,0,0,1,-6.6407e-19,0.00041281,0,1.5033e-24,0,-2.4253e-12,0.3,5.1371e-06,-7.655e-14,0,0,0,,0.255,-1.025,0.32,0
-2.4608e-24,0,0,-6.7841e-25,0,0,1,6.7085e-19,0.00042492,0,1.4966e-24,0,-2.4253e-12,0.3,5.1371e-06,-7.6605e-14,0,0,0,,0.265,-1.015,0.32,0
-2.4494e-24,0,0,-7.0296e-25,0,0,1,-6.0986e-19,0.00043672,0,1.4897e-24,0,-2.4253e-12,0.3,5.1371e-06,-7.655e-14,0,0,0,,0.275,-1.005,0.32,0
-2.4376e-24,0,0,-7.274e-25,0,0,1,6.7085e-19,0.0004482,0,1.4826e-24,0,-2.4253e-12,0.3,5.1371e-06,-7.6605e-14,0,0,5.5511e-15,,0.285,-0.995,0.32,0
-2.4255e-24,0,0,-7.5171e-25,0,0,1,-6.9795e-19,0.00045938,0,1.4752e-24,0,-2.4253e-12,0.3,5.1371e-06,-7.6439e-14,0,0,5.5511e-15,,0.295,-0.985,0.32,0
-2.4129e-24,0,0,-7.759e-25,0,0,1,6.1664e-19,0.00047025,0,1.4675e-24,0,-2.4253e-12,0.3,5.1371e-06,-7.6494e-14,0,0,-8.3267e-15,,0.305,-0.975,0.32,0
-2.4e-24,0,0,-7.9997e-25,0,0,1,-6.9118e-19,0.00048082,0,1.4596e-24,0,-2.4253e-12,0.3,5.1371e-06,-7.6605e-14,0,0,-5.5511e-15,,0.315,-0.965,0.32,0
-2.3866e-24,0,0,-8.239e-25,0,0,1,6.3019e-19,0.00049107,0,1.4515e-24,0,-2.4253e-12,0.3,5.1371e-06,-7.6605e-14,0,0,0,,0.325,-0.955,0.32,0
-2.3729e-24,0,0,-8.477e-25,0,0,1,-6.9118e-19,0.00050102,0,1.4432e-24,0,-2.4253e-12,0.3,5.1371e-06,-7.6605e-14,0,0,2.7756e-15,,0.335,-0.945,0.32,0
-2.3588e-24,0,0,-8.7136e-25,0,0,1,6.1664e-19,0.00051066,0,1.4346e-24,0,-2.4253e-12,0.3,5.1371e-06,-7.655e-14,0,0,5.5511e-15,,0.345,-0.935,0.32,0
-2.3442e-24,0,0,-8.9487e-25,0,0,1,-6.9118e-19,0.00051999,0,1.4257e-24,0,-2.4253e-12,0.3,5.1371e-06,-7.6494e-14,0,0,2.7756e-15,,0.355,-0.925,0.32,0
-2.3293e-24,0,0,-9.1824e-25,0,0,1,6.1664e-19,0.00052901,0,1.4167e-24,0,-2.4253e-12,0.3,5.1371e-06,-7.6494e-14,0,0,-8.3267e-15,,0.365,-0.915,0.32,0
-2.314e-24,0,0,-9.4146e-25,0,0,1,-6.7085e-19,0.00053772,0,1.4074e-24,0,-2.4253e-12,0.3,5.1371e-06,-7.6661e-14,0,0,0,,0.375,-0.905,0.32,0
-2.2984e-24,0,0,-9.6452e-25,0,0,1,6.0309e-19,0.00054613,0,1.3978e-24,0,-2.4253e-12,0.3,5.1371e-06,-7.6494e-14,0,0,8.3267e-15,,0.385,-0.895,0.32,0
-2.2823e-24,0,0,-9.8742e-25,0,0,1,-7.1828e-19,0.00055423,0,1.3881e-24,0,-2.4253e-12,0.3,5.1371e-06,-7.6494e-14,0,0,-5.5511e-15,,0.395,-0.885,0.32,0
-2.2659e-24,0,0,-1.0102e-24,0,0,1,5.5565e-19,0.00056202,0,1.3781e-24,0,-2.4253e-12,0.3,5.1371e-06,-7.6605e-14,0,0,-2.7756e-15,,0.405,-0.875,0.32,0
-2.2491e-24,0,0,-1.0327e-24,0,0,1,-7.7249e-19,0.0005695,0,1.3679e-24,0,-2.4253e-12,0.3,5.1371e-06,-7.655e-14,0,0,5.5511e-15,,0.415,-0.865,0.32,0
-2.2319e-24,0,0,-1.0551e-24,0,0,1,5.0822e-19,0.00057667,0,1.3574e-24,0,-2.4253e-12,0.3,5.1371e-06,-7.6494e-14,0,0,-5.5511e-15,,0.425,-0.855,0.32,0
-2.2144e-24,0,0,-1.0774e-24,0,0,1,-7.6572e-19,0.00058353,0,1.3468e-24,0,-2.4253e-12,0.3,5.1371e-06,-7.6661e-14,0,0,-5.5511e-15,,0.435,-0.845,0.32,0
-2.1965e-24,0,0,-1.0994e-24,0,0,1,5.6921e-19,0.00059009,0,1.3359e-24,0,-2.4253e-12,0.3,5.1371e-06,-7.6605e-14,0,0,0,,0.445,-0.835,0.32,0
-2.1782e-24,0,0,-1.1213e-24,0,0,1,-6.844e-19,0.00059634,0,1.3248e-24,0,-2.4253e-12,0.3,5.1371e-06,-7.6661e-14,0,0,-2.7756e-15,,0.455,-0.825,0.32,0
-2.1596e-24,0,0,-1.143e-24,0,0,1,6.6407e-19,0.00060228,0,1.3135e-24,0,-2.4253e-12,0.3,5.1371e-06,-7.6661e-14,0,0,-2.7756e-15,,0.465,-0.815,0.32,0
-2.1406e-24,0,0,-1.1645e-24,0,0,1,-6.3697e-19,0.00060791,0,1.3019e-24,0,-2.4253e-12,0.3,5.1371e-06,-7.6716e-14,0,0,0,,0.475,-0.805,0.32,0
-2.1213e-24,0,0,-1.1858e-24,0,0,1,6.7085e-19,0.00061323,0,1.2902e-24,0,-2.4253e-12,0.3,5.1371e-06,-7.6661e-14,0,0,5.5511e-15,,0.485,-0.795,0.32,0
-2.1017e-24,0,0,-1.2069e-24,0,0,1,-7.3861e-19,0.00061825,0,1.2782e-24,0,-2.4253e-12,0.3,5.1371e-06,-7.6605e-14,0,0,2.7756e-15,,0.495,-0.785,0.32,0
-2.0816e-24,0,0,-1.2278e-24,0,0,1,5.7598e-19,0.00062295,0,1.266e-24,0,-2.4253e-12,0.3,5.1371e-06,-7.6605e-14,0,0,0,,0.505,-0.775,0.32,0
-2.0613e-24,0,0,-1.2485e-24,0,0,1,-8.3348e-19,0.00062735,0,1.2536e-24,0,-2.4253e-12,0.3,5.1371e-06,-7.6605e-14,0,0,5.5511e-15,,0.515,-0.765,0.32,0
-2.0406e-24,0,0,-1.2691e-24,0,0,1,5.2177e-19,0.00063144,0,1.2411e-24,0,-2.4253e-12,0.3,5.1371e-06,-7.6494e-14,0,0,0,,0.525,-0.755,0.32,0
-2.0195e-24,0,0,-1.2894e-24,0,0,1,-7.996e-19,0.00063522,0,1.2283e-24,0,-2.4253e-12,0.3,5.1371e-06,-7.6605e-14,0,0,-5.5511e-15,,0.535,-0.745,0.32,0
-1.9982e-24,0,0,-1.3095e-24,0,0,1,6.3697e-19,0.0006387,0,1.2153e-24,0,-2.4253e-12,0.3,5.1371e-06,-7.6605e-14,0,0,5.5511e-15,,0.545,-0.735,0.32,0
-1.9765e-24,0,0,-1.3293e-24,0,0,1,-7.2506e-19,0.00064186,0,1.2021e-24,0,-2.4253e-12,0.3,5.1371e-06,-7.6494e-14,0,0,2.7756e-15,,0.555,-0.725,0.32,0
-1.9545e-24,0,0,-1.349e-24,0,0,1,6.5052e-19,0.00064472,0,1.1887e-24,0,-2.4253e-12,0.3,5.1371e-06,-7.655e-14,0,0,-2.7756e-15,,0.565,-0.715,0.32,0
-1.9321e-24,0,0,-1.3684e-24,0,0,1,-7.8605e-19,0.00064727,0,1.1751e-24,0,-2.4253e-12,0.3,5.1371e-06,-7.655e-14,0,0,0,,0.575,-0.705,0.32,0
-1.9095e-24,0,0,-1.3876e-24,0,0,1,6.0309e-19,0.00064951,0,1.1613e-24,0,-2.4253e-12,0.3,5.1371e-06,-7.655e-14,0,0,-2.7756e-15,,0.585,-0.695,0.32,0
-1.8865e-24,0,0,-1.4066e-24,0,0,1,-7.9282e-19,0.00065144,0,1.1474e-24,0,-2.4253e-12,0.3,5.1371e-06,-7.6605e-14,0,0,-2.7756e-15,,0.595,-0.685,0.32,0
-1.8632e-24,0,0,-1.4253e-24,0,0,1,5.4888e-19,0.00065307,0,1.1332e-24,0,-2.4253e-12,0.3,5.1371e-06,-7.6605e-14,0,0,0,,0.605,-0.675,0.32,0
-1.8396e-24,0,0,-1.4439e-24,0,0,1,-8.4026e-19,0.00065438,0,1.1188e-24,0,-2.4253e-12,0.3,5.1371e-06,-7.6605e-14,0,0,0,,0.615,-0.665,0.32,0
-1.8157e-24,0,0,-1.4621e-24,0,0,1,5.6921e-19,0.00065539,0,1.1043e-24,0,-2.4253e-12,0.3,5.1371e-06,-7.6605e-14,0,0,0,,0.625,-0.655,0.32,0
-1.7915e-24,0,0,-1.4802e-24,0,0,1,-8.7414e-19,0.00065609,0,1.0896e-24,0,-2.4253e-12,0.3,5.1371e-06,-7.6605e-14,0,0,2.7756e-15,,0.635,-0.645,0.32,0
-1.7671e-24,0,0,-1.498e-24,0,0,1,6.4374e-19,0.00065648,0,1.0747e-24,0,-2.4253e-12,0.3,5.1371e-06,-7.655e-14,0,0,-2.7756e-15,,0.645,-0.635,0.32,0
-1.7423e-24,0,0,-1.5155e-24,0,0,1,-8.5381e-19,0.00065657,0,1.0596e-24,0,-2.4253e-12,0.3,5.1371e-06,-7.6661e-14,0,0,-5.5511e-15,,0.655,-0.625,0.32,0
-1.7172e-24,0,0,-1.5328e-24,0,0,1,7.5216e-19,0.00065634,0,1.0444e-24,0,-2.4253e-12,0.3,5.1371e-06,-7.6661e-14,0,0,5.5511e-15,,0.665,-0.615,0.32,0
-1.6919e-24,0,0,-1.5499e-24,0,0,1,-7.7927e-19,0.00065581,0,1.029e-24,0,-2.4253e-12,0.3,5.1371e-06,-7.655e-14,0,0,0,,0.675,-0.605,0.32,0
-1.6663e-24,0,0,-1.5667e-24,0,0,1,8.5381e-19,0.00065497,0,1.0134e-24,0,-2.4253e-12,0.3,5.1371e-06,-7.6661e-14,0,0,-5.5511e-15,,0.685,-0.595,0.32,0
-1.6404e-24,0,0,-1.5832e-24,0,0,1,-7.1828e-19,0.00065382,0,9.9765e-25,0,-2.4253e-12,0.3,5.1371e-06,-7.6661e-14,0,0,0,,0.695,-0.585,0.32,0
-1.6142e-24,0,0,-1.5994e-24,0,0,1,8.6736e-19,0.00065236,0,9.8174e-25,0,-2.4253e-12,0.3,5.1371e-06,-7.6661e-14,0,0,0,,0.705,-0.575,0.32,0
-1.5878e-24,0,0,-1.6155e-24,0,0,1,-6.573e-19,0.0006506,0,9.6567e-25,0,-2.4253e-12,0.3,5.1371e-06,-7.6661e-14,0,0,0,,0.715,-0.565,0.32,0
-1.5611e-24,0,0,-1.6312e-24,0,0,1,8.7414e-19,0.00064852,0,9.4943e-25,0,-2.4253e-12,0.3,5.1371e-06,-7.6661e-14,0,0,0,,0.725,-0.555,0.32,0
-1.5341e-24,0,0,-1.6467e-24,0,0,1,-6.5052e-19,0.00064614,0,9.3304e-25,0,-2.4253e-12,0.3,5.1371e-06,-7.6661e-14,0,0,-5.5511e-15,,0.735,-0.545,0.32,0
-1.5069e-24,0,0,-1.6619e-24,0,0,1,8.4703e-19,0.00064345,0,9.165e-25,0,-2.4253e-12,0.3,5.1371e-06,-7.6772e-14,0,0,0,,0.745,-0.535,0.32,0
-1.4795e-24,0,0,-1.6768e-24,0,0,1,-6.7085e-19,0.00064045,0,8.998e-25,0,-2.4253e-12,0.3,5.1371e-06,-7.6661e-14,0,0,5.5511e-15,,0.755,-0.525,0.32,0
-1.4518e-24,0,0,-1.6915e-24,0,0,1,8.6736e-19,0.00063714,0,8.8296e-25,0,-2.4253e-12,0.3,5.1371e-06,-7.6661e-14,0,0,0,,0.765,-0.515,0.32,0
-1.4238e-24,0,0,-1.7058e-24,0,0,1,-6.7085e-19,0.00063353,0,8.6597e-25,0,-2.4253e-12,0.3,5.1371e-06,-7.6661e-14,0,0,2.7756e-15,,0.775,-0.505,0.32,0
-1.3957e-24,0,0,-1.72e-24,0,0,1,8.3348e-19,0.0006296,0,8.4884e-25,0,-2.4253e-12,0.3,5.1371e-06,-7.6605e-14,0,0,2.7756e-15,,0.785,-0.495,0.32,0
-1.3673e-24,0,0,-1.7338e-24,0,0,1,-6.7085e-19,0.00062537,0,8.3157e-25,0,-2.4253e-12,0.3,5.1371e-06,-7.6605e-14,0,0,-2.7756e-15,,0.795,-0.485,0.32,0
-1.3387e-24,0,0,-1.7473e-24,0,0,1,8.6736e-19,0.00062083,0,8.1417e-25,0,-2.4253e-12,0.3,5.1371e-06,-7.6661e-14,0,0,-5.5511e-15,,0.805,-0.475,0.32,0
-1.3098e-24,0,0,-1.7605e-24,0,0,1,-6.7085e-19,0.00061598,0,7.9663e-25,0,-2.4253e-12,0.3,5.1371e-06,-7.6716e-14,0,0,0,,0.815,-0.465,0.32,0
-1.2808e-24,0,0,-1.7735e-24,0,0,1,8.9447e-19,0.00061083,0,7.7896e-25,0,-2.4253e-12,0.3,5.1371e-06,-7.6661e-14,0,0,2.7756e-15,,0.825,-0.455,0.32,0
-1.2515e-24,0,0,-1.7862e-24,0,0,1,-5.8276e-19,0.00060536,0,7.6116e-25,0,-2.4253e-12,0.3,5.1371e-06,-7.6661e-14,0,0,2.7756e-15,,0.835,-0.445,0.32,0
-1.222e-24,0,0,-1.7985e-24,0,0,1,9.4868e-19,0.00059959,0,7.4323e-25,0,-2.4253e-12,0.3,5.1371e-06,-7.6605e-14,0,0,0,,0.845,-0.435,0.32,0
-1.1924e-24,0,0,-1.8106e-24,0,0,1,-5.0144e-19,0.00059351,0,7.2519e-25,0,-2.4253e-12,0.3,5.1371e-06,-7.6661e-14,0,0,-5.5511e-15,,0.855,-0.425,0.32,0
-1.1625e-24,0,0,-1.8224e-24,0,0,1,9.9611e-19,0.00058712,0,7.0702e-25,0,-2.4253e-12,0.3,5.1371e-06,-7.6716e-14,0,0,-2.7756e-15,,0.865,-0.415,0.32,0
-1.1324e-24,0,0,-1.8338e-24,0,0,1,-4.3368e-19,0.00058042,0,6.8874e-25,0,-2.4253e-12,0.3,5.1371e-06,-7.6716e-14,0,0,8.3267e-15,,0.875,-0.405,0.32,0
-1.1022e-24,0,0,-1.845e-24,0,0,1,9.8256e-19,0.00057342,0,6.7035e-25,0,-2.4253e-12,0.3,5.1371e-06,-7.655e-14,0,0,2.7756e-15,,0.885,-0.395,0.32,0
-1.0718e-24,0,0,-1.8559e-24,0,0,1,-4.2013e-19,0.0005661,0,6.5184e-25,0,-2.4253e-12,0.3,5.1371e-06,-7.6661e-14,0,0,-5.5511e-15,,0.895,-0.385,0.32,0
-1.0412e-24,0,0,-1.8665e-24,0,0,1,9.8256e-19,0.00055848,0,6.3323e-25,0,-2.4253e-12,0.3,5.1371e-06,-7.6661e-14,0,0,-2.7756e-15,,0.905,-0.375,0.32,0
-1.0104e-24,0,0,-1.8767e-24,0,0,1,-3.7947e-19,0.00055055,0,6.1451e-25,0,-2.4253e-12,0.3,5.1371e-06,-7.6716e-14,0,0,0,,0.915,-0.365,0.32,0
-9.7944e-25,0,0,-1.8866e-24,0,0,1,1.0774e-18,0.00054231,0,5.9569e-25,0,-2.4253e-12,0.3,5.1371e-06,-7.6661e-14,0,0,5.5511e-15,,0.925,-0.355,0.32,0
-9.4834e-25,0,0,-1.8963e-24,0,0,1,-2.9138e-19,0.00053376,0,5.7678e-25,0,-2.4253e-12,0.3,5.1371e-06,-7.6605e-14,0,0,0,,0.935,-0.345,0.32,0
-9.1708e-25,0,0,-1.9056e-24,0,0,1,1.1045e-18,0.00052491,0,5.5777e-25,0,-2.4253e-12,0.3,5.1371e-06,-7.6661e-14,0,0,-5.5511e-15,,0.945,-0.335,0.32,0
-8.8567e-25,0,0,-1.9146e-24,0,0,1,-3.1848e-19,0.00051574,0,5.3867e-25,0,-2.4253e-12,0.3,5.1371e-06,-7.6716e-14,0,0,-5.5511e-15,,0.955,-0.325,0.32,0
-8.5412e-25,0,0,-1.9233e-24,0,0,1,1.03e-18,0.00050627,0,5.1947e-25,0,-2.4253e-12,0.3,5.1371e-06,-7.6772e-14,0,0,0,,0.965,-0.315,0.32,0
-8.2242e-25,0,0,-1.9317e-24,0,0,1,-3.7269e-19,0.00049649,0,5.002e-25,0,-2.4253e-12,0.3,5.1371e-06,-7.6716e-14,0,0,2.7756e-15,,0.975,-0.305,0.32,0
-7.906e-25,0,0,-1.9398e-24,0,0,1,9.5545e-19,0.0004864,0,4.8084e-25,0,-2.4253e-12,0.3,5.1371e-06,-7.6716e-14,0,0,0,,0.985,-0.295,0.32,0
-7.5864e-25,0,0,-1.9475e-24,0,0,1,-3.7947e-19,0.00047601,0,4.614e-25,0,-2.4253e-12,0.3,5.1371e-06,-7.6716e-14,0,0,2.7756e-15,,0.995,-0.285,0.32,0
-7.2655e-25,0,0,-1.9549e-24,0,0,1,9.2157e-19,0.0004653,0,4.4189e-25,0,-2.4253e-12,0.3,5.1371e-06,-7.6661e-14,0,0,-2.7756e-15,,1.005,-0.275,0.32,0
-6.9435e-25,0,0,-1.9621e-24,0,0,1,-4.0658e-19,0.00045429,0,4.223e-25,0,-2.4253e-12,0.3,5.1371e-06,-7.6772e-14,0,0,-2.7756e-15,,1.015,-0.265,0.32,0
-6.6203e-25,0,0,-1.9688e-24,0,0,1,9.0124e-19,0.00044297,0,4.0265e-25,0,-2.4253e-12,0.3,5.1371e-06,-7.6716e-14,0,0,2.7756e-15,,1.025,-0.255,0.32,0
-6.296e-25,0,0,-1.9753e-24,0,0,1,-4.4046e-19,0.00043134,0,3.8293e-25,0,-2.4253e-12,0.3,5.1371e-06,-7.6716e-14,0,0,-2.7756e-15,,1.035,-0.245,0.32,0
-5.9707e-25,0,0,-1.9814e-24,0,0,1,8.9447e-19,0.0004194,0,3.6314e-25,0,-2.4253e-12,0.3,5.1371e-06,-7.6772e-14,0,0,-2.7756e-15,,1.045,-0.235,0.32,0
-5.6445e-25,0,0,-1.9872e-24,0,0,1,-4.4723e-19,0.00040716,0,3.433e-25,0,-2.4253e-12,0.3,5.1371e-06,-7.6772e-14,0,0,2.7756e-15,,1.055,-0.225,0.32,0
-5.3172e-25,0,0,-1.9927e-24,0,0,1,8.8091e-19,0.0003946,0,3.234e-25,0,-2.4253e-12,0.3,5.1371e-06,-7.6716e-14,0,0,0,,1.065,-0.215,0.32,0
-4.9892e-25,0,0,-1.9979e-24,0,0,1,-5.15e-19,0.00038174,0,3.0344e-25,0,-2.4253e-12,0.3,5.1371e-06,-7.6772e-14,0,0,-5.5511e-15,,1.075,-0.205,0.32,0
-4.6602e-25,0,0,-2.0027e-24,0,0,1,7.996e-19,0.00036857,0,2.8344e-25,0,-2.4253e-12,0.3,5.1371e-06,-7.6827e-14,0,0,2.7756e-15,,1.085,-0.195,0.32,0
-4.3306e-25,0,0,-2.0072e-24,0,0,1,-5.7598e-19,0.00035509,0,2.6339e-25,0,-2.4253e-12,0.3,5.1371e-06,-7.6716e-14,0,0,2.7756e-15,,1.095,-0.185,0.32,0
-4.0002e-25,0,0,-2.0114e-24,0,0,1,7.7588e-19,0.00034131,0,2.433e-25,0,-2.4253e-12,0.3,5.1371e-06,-7.6772e-14,0,0,2.7756e-15,,1.105,-0.175,0.32,0
-3.6692e-25,0,0,-2.0152e-24,0,0,1,-5.8615e-19,0.00032721,0,2.2316e-25,0,-2.4253e-12,0.3,5.1371e-06,-7.6661e-14,0,0,5.5511e-15,,1.115,-0.165,0.32,0
-3.3375e-25,0,0,-2.0187e-24,0,0,1,7.2845e-19,0.00031281,0,2.0299e-25,0,-2.4253e-12,0.3,5.1371e-06,-7.6661e-14,0,0,-2.7756e-15,,1.125,-0.155,0.32,0
-3.0053e-25,0,0,-2.0219e-24,0,0,1,-6.268e-19,0.0002981,0,1.8279e-25,0,-2.4253e-12,0.3,5.1371e-06,-7.6716e-14,0,0,-2.7756e-15,,1.135,-0.145,0.32,0
-2.6726e-25,0,0,-2.0247e-24,0,0,1,6.844e-19,0.00028308,0,1.6256e-25,0,-2.4253e-12,0.3,5.1371e-06,-7.6716e-14,0,0,0,,1.145,-0.135,0.32,0
-2.3395e-25,0,0,-2.0272e-24,0,0,1,-6.4374e-19,0.00026775,0,1.423e-25,0,-2.4253e-12,0.3,5.1371e-06,-7.6716e-14,0,0,0,,1.155,-0.125,0.32,0
-2.006e-25,0,0,-2.0294e-24,0,0,1,7.0812e-19,0.00025211,0,1.2201e-25,0,-2.4253e-12,0.3,5.1371e-06,-7.6716e-14,0,0,0,,1.165,-0.115,0.32,0
-1.6722e-25,0,0,-2.0312e-24,0,0,1,-6.3358e-19,0.00023617,0,1.0171e-25,0,-2.4253e-12,0.3,5.1371e-06,-7.6716e-14,0,0,-2.7756e-15,,1.175,-0.105,0.32,0
-1.338e-25,0,0,-2.0327e-24,0,0,1,7.0812e-19,0.00021992,0,8.1387e-26,0,-2.4253e-12,0.3,5.1371e-06,-7.6772e-14,0,0,-5.5511e-15,,1.185,-0.095,0.32,0
-1.0037e-25,0,0,-2.0339e-24,0,0,1,-5.8276e-19,0.00020336,0,6.1053e-26,0,-2.4253e-12,0.3,5.1371e-06,-7.6827e-14,0,0,0,,1.195,-0.085,0.32,0
-6.6895e-26,0,0,-2.0347e-24,0,0,1,7.2506e-19,0.00018649,0,4.0709e-26,0,-2.4253e-12,0.3,5.1371e-06,-7.6772e-14,0,0,0,,1.205,-0.075,0.32,0
2.4732e-21,0,0,1.0331e-23,0,0,1,-5.8276e-19,0.00016931,0,2.0359e-26,0,-2.4253e-12,0.3,5.1371e-06,-7.6827e-14,0,0,0,,1.215,-0.065,0.32,0
1.0709e-09,0,0,5.3547e-12,0,0,1,7.1828e-19,0.00015182,0,2.4733e-25,0,-2.4253e-12,0.3,5.1371e-06,-7.6772e-14,0,0,7.6883e-13,,1.225,-0.055,0.32,0
0.004628,0,0,2.314e-05,0,0,1,-5.7937e-19,0.00013403,0,1.0709e-13,0,-2.4253e-12,0.3,5.1371e-06,-8.2878e-14,0,0,4.628e-06,,1.235,-0.045,0.32,0
9.6116,0,0,0.048104,0,0,1,7.2506e-19,0.00011593,0,4.6281e-07,0,-2.4252e-12,0.3,5.1371e-06,-7.1165e-14,0,0,0.0096209,,1.245,-0.035,0.32,0
419.31,0,0,2.1927,0,0,1,-5.8953e-19,9.7526e-05,0,0.00096209,0,-2.3976e-12,0.30019,5.1371e-06,-6.1784e-14,0,0,0.43854,,1.255,-0.025,0.32,0
2061.5,0,0,14.597,0,0,1,7.2506e-19,7.9225e-05,0,0.043855,0,-5.4917e-13,0.30877,5.1371e-06,-4.8961e-14,0,0,2.9193,,1.265,-0.015,0.32,0
1651.8,0,0,33.163,0,0,1,-6.0055e-19,6.3389e-05,0,0.29289,0,1.7291e-11,0.35858,5.1371e-06,-5.2403e-14,0,0,6.6325,,1.275,-0.005,0.32,0
-1651.8,0,0,33.163,0,0,1,7.132e-19,5.3657e-05,0,0.70711,0,7.4509e-11,0.44142,5.1371e-06,-6.3005e-14,0,0,6.6325,,1.285,0.005,0.32,0
-2061.5,0,0,14.597,0,0,1,-6.0902e-19,5.0205e-05,0,0.95615,0,1.4226e-10,0.49123,5.1371e-06,-5.429e-14,0,0,2.9193,,1.295,0.015,0.32,0
-419.31,0,0,2.1927,0,0,1,7.0558e-19,4.9566e-05,0,0.99904,0,1.1121e-10,0.49981,5.1371e-06,-5.4456e-14,0,0,0.43854,,1.305,0.025,0.32,0
-9.6116,0,0,0.048104,0,0,1,-6.124e-19,4.9354e-05,0,1,0,6.7603e-11,0.5,5.1371e-06,-1.38e-13,0,0,0.0096209,,1.315,0.035,0.32,0
-0.004628,0,0,2.314e-05,0,0,1,7.0558e-19,4.9148e-05,0,1,0,4.0247e-11,0.5,5.1371e-06,-1.2607e-13,0,0,4.628e-06,,1.325,0.045,0.32,0
-1.0769e-09,0,0,5.3846e-12,0,0,1,-6.124e-19,4.894e-05,0,1,0,2.3453e-11,0.5,5.1371e-06,-1.3234e-13,0,0,7.5218e-13,,1.335,0.055,0.32,0
-1.2281e-07,0,0,-6.1403e-10,0,0,1,7.0558e-19,4.8728e-05,0,1,0,1.3145e-11,0.5,5.1371e-06,-1.3256e-13,0,0,-1.1934e-10,,1.345,0.065,0.32,0
1.2281e-07,0,0,-6.1403e-10,0,0,1,-6.124e-19,4.8513e-05,0,1,0,6.8205e-12,0.5,5.1371e-06,-6.3061e-14,0,0,-1.1933e-10,,1.355,0.075,0.32,0
1.2281e-07,0,0,6.1404e-10,0,0,1,6.9965e-19,4.8295e-05,0,1,0,2.9432e-12,0.5,5.1371e-06,-6.3005e-14,0,0,1.1934e-10,,1.365,0.085,0.32,0
-2.598e-07,0,0,-7.0921e-11,0,0,1,-6.1579e-19,4.8074e-05,0,1,0,5.6857e-13,0.5,5.1371e-06,-1.3239e-13,0,0,-1.418e-11,,1.375,0.095,0.32,0
1.3699e-07,0,0,-6.8496e-10,0,0,1,6.9711e-19,4.785e-05,0,1,0,-8.8304e-13,0.5,5.1371e-06,-6.2894e-14,0,0,-1.3352e-10,,1.385,0.105,0.32,0
1.3699e-07,0,0,6.8493e-10,0,0,1,-6.1579e-19,4.7622e-05,0,1,0,-1.7677e-12,0.5,5.1371e-06,-6.2894e-14,0,0,1.3352e-10,,1.395,0.115,0.32,0
-2.5821e-07,0,0,7.8848e-11,0,0,1,6.9626e-19,4.7392e-05,0,1,0,-2.3041e-12,0.5,5.1371e-06,-1.3223e-13,0,0,1.5871e-11,,1.405,0.125,0.32,0
1.2122e-07,0,0,-6.0609e-10,0,0,1,-6.0986e-19,4.7159e-05,0,1,0,-2.6265e-12,0.5,5.1371e-06,-6.0896e-14,0,0,-1.1765e-10,,1.415,0.135,0.32,0
1.2122e-07,0,0,6.061e-10,0,0,1,6.9965e-19,4.6922e-05,0,1,0,-2.8174e-12,0.5,5.1371e-06,-6.0896e-14,0,0,1.1764e-10,,1.425,0.145,0.32,0
-3.0285e-07,0,0,-3.0201e-10,0,0,1,-6.0393e-19,4.6682e-05,0,1,0,-2.9275e-12,0.5,5.1371e-06,-1.325e-13,0,0,-5.996e-11,,1.435,0.155,0.32,0
1.8162e-07,0,0,-9.0812e-10,0,0,1,6.9541e-19,4.644e-05,0,1,0,-2.9877e-12,0.5,5.1371e-06,-5.207e-14,0,0,-1.776e-10,,1.445,0.165,0.32,0
1.8162e-07,0,0,9.0812e-10,0,0,1,-6.0393e-19,4.6194e-05,0,1,0,-3.0174e-12,0.5,5.1371e-06,-5.1958e-14,0,0,1.776e-10,,1.455,0.175,0.32,0
-2.8876e-07,0,0,3.7242e-10,0,0,1,6.8694e-19,4.5945e-05,0,1,0,-3.0281e-12,0.5,5.1371e-06,-1.3262e-13,0,0,7.4157e-11,,1.465,0.185,0.32,0
1.0714e-07,0,0,-5.3568e-10,0,0,1,-6.0648e-19,4.5693e-05,0,1,0,-3.0272e-12,0.5,5.1371e-06,-5.8509e-14,0,0,-1.0343e-10,,1.475,0.195,0.32,0
1.0713e-07,0,0,5.3569e-10,0,0,1,6.8864e-19,4.5438e-05,0,1,0,-3.0189e-12,0.5,5.1371e-06,-5.8398e-14,0,0,1.0345e-10,,1.485,0.205,0.32,0
-3.0857e-07,0,0,-4.7152e-10,0,0,1,-5.9885e-19,4.518e-05,0,1,0,-3.0061e-12,0.5,5.1371e-06,-1.3234e-13,0,0,-9.4241e-11,,1.495,0.215,0.32,0
2.0144e-07,0,0,-1.0072e-09,0,0,1,6.861e-19,4.4919e-05,0,1,0,-2.9904e-12,0.5,5.1371e-06,-5.7177e-14,0,0,-1.9767e-10,,1.505,0.225,0.32,0
2.0144e-07,0,0,1.0072e-09,0,0,1,-5.9716e-19,4.4655e-05,0,1,0,-2.9729e-12,0.5,5.1371e-06,-5.7066e-14,0,0,1.9767e-10,,1.515,0.235,0.32,0
-2.0144e-07,0,0,1.0072e-09,0,0,1,6.8525e-19,4.4388e-05,0,1,0,-2.9541e-12,0.5,5.1371e-06,-1.3245e-13,0,0,1.9767e-10,,1.525,0.245,0.32,0
-1.4767e-07,0,0,-7.3834e-10,0,0,1,-5.9292e-19,4.4117e-05,0,1,0,-2.9344e-12,0.5,5.1371e-06,-1.3239e-13,0,0,-1.4346e-10,,1.535,0.255,0.32,0
1.4767e-07,0,0,-7.3834e-10,0,0,1,6.844e-19,4.3844e-05,0,1,0,-2.9142e-12,0.5,5.1371e-06,-4.835e-14,0,0,-1.4347e-10,,1.545,0.265,0.32,0
1.4767e-07,0,0,7.3838e-10,0,0,1,-5.8276e-19,4.3567e-05,0,1,0,-2.8934e-12,0.5,5.1371e-06,-4.8461e-14,0,0,1.4346e-10,,1.555,0.275,0.32,0
-3.3438e-07,0,0,-1.9515e-10,0,0,1,6.8779e-19,4.3287e-05,0,1,0,-2.8723e-12,0.5,5.1371e-06,-1.3256e-13,0,0,-3.9116e-11,,1.565,0.285,0.32,0
1.867e-07,0,0,-9.3353e-10,0,0,1,-5.7852e-19,4.3005e-05,0,1,0,-2.8509e-12,0.5,5.1371e-06,-5.0182e-14,0,0,-1.8258e-10,,1.575,0.295,0.32,0
1.8671e-07,0,0,9.3351e-10,0,0,1,6.8948e-19,4.2719e-05,0,1,0,-2.8292e-12,0.5,5.1371e-06,-5.0071e-14,0,0,1.8258e-10,,1.585,0.305,0.32,0
-1.8671e-07,0,0,9.3351e-10,0,0,1,-5.8022e-19,4.243e-05,0,1,0,-2.8072e-12,0.5,5.1371e-06,-1.3262e-13,0,0,1.8258e-10,,1.595,0.315,0.32,0
-2.834e-07,0,0,-1.417e-09,0,0,1,6.8779e-19,4.2138e-05,0,1,0,-2.785e-12,0.5,5.1371e-06,-1.3262e-13,0,0,-2.7933e-10,,1.605,0.325,0.32,0
2.8341e-07,0,0,-1.417e-09,0,0,1,-5.7598e-19,4.1843e-05,0,1,0,-2.7625e-12,0.5,5.1371e-06,-5.1126e-14,0,0,-2.7934e-10,,1.615,0.335,0.32,0
2.834e-07,0,0,1.417e-09,0,0,1,6.8186e-19,4.1545e-05,0,1,0,-2.7397e-12,0.5,5.1371e-06,-5.1292e-14,0,0,2.7933e-10,,1.625,0.345,0.32,0
-2.8341e-07,0,0,1.417e-09,0,0,1,-5.8106e-19,4.1244e-05,0,1,0,-2.7168e-12,0.5,5.1371e-06,-1.3256e-13,0,0,2.7935e-10,,1.635,0.355,0.32,0
2.2204e-12,0,0,-2.2205e-14,0,0,1,6.8186e-19,4.0939e-05,0,1,0,-2.6935e-12,0.5,5.1371e-06,-1.3239e-13,0,0,0,,1.645,0.365,0.32,0
-2.7505e-07,0,0,-1.3753e-09,0,0,1,-5.7937e-19,4.0632e-05,0,1,0,-2.6701e-12,0.5,5.1371e-06,-1.3245e-13,0,0,-2.7102e-10,,1.655,0.375,0.32,0
2.7505e-07,0,0,-1.3752e-09,0,0,1,6.8186e-19,4.0321e-05,0,1,0,-2.6464e-12,0.5,5.1371e-06,-5.1792e-14,0,0,-2.7102e-10,,1.665,0.385,0.32,0
2.7505e-07,0,0,1.3753e-09,0,0,1,-5.8022e-19,4.0008e-05,0,1,0,-2.6225e-12,0.5,5.1371e-06,-5.1847e-14,0,0,2.7102e-10,,1.675,0.395,0.32,0
-2.7506e-07,0,0,1.3753e-09,0,0,1,6.7932e-19,3.9691e-05,0,1,0,-2.5983e-12,0.5,5.1371e-06,-1.3256e-13,0,0,2.7102e-10,,1.685,0.405,0.32,0
-2.5922e-07,0,0,-1.2961e-09,0,0,1,-5.7598e-19,3.9372e-05,0,1,0,-2.5739e-12,0.5,5.1371e-06,-1.3239e-13,0,0,-2.5515e-10,,1.695,0.415,0.32,0
2.5922e-07,0,0,-1.2961e-09,0,0,1,6.8101e-19,3.9049e-05,0,1,0,-2.5493e-12,0.5,5.1371e-06,-5.1126e-14,0,0,-2.5516e-10,,1.705,0.425,0.32,0
2.5922e-07,0,0,1.2961e-09,0,0,1,-5.7513e-19,3.8723e-05,0,1,0,-2.5245e-12,0.5,5.1371e-06,-5.1126e-14,0,0,2.5516e-10,,1.715,0.435,0.32,0
-2.5922e-07,0,0,1.2961e-09,0,0,1,6.7678e-19,3.8394e-05,0,1,0,-2.4994e-12,0.5,5.1371e-06,-1.3234e-13,0,0,2.5516e-10,,1.725,0.445,0.32,0
-2.5473e-07,0,0,-1.2736e-09,0,0,1,-5.7344e-19,3.8062e-05,0,1,0,-2.474e-12,0.5,5.1371e-06,-1.3234e-13,0,0,-2.5109e-10,,1.735,0.455,0.32,0
2.5473e-07,0,0,-1.2736e-09,0,0,1,6.7847e-19,3.7727e-05,0,1,0,-2.4485e-12,0.5,5.1371e-06,-5.9564e-14,0,0,-2.5109e-10,,1.745,0.465,0.32,0
2.5473e-07,0,0,1.2737e-09,0,0,1,-5.7175e-19,3.7388e-05,0,1,0,-2.4227e-12,0.5,5.1371e-06,-5.9508e-14,0,0,2.5109e-10,,1.755,0.475,0.32,0
-2.5473e-07,0,0,1.2736e-09,0,0,1,6.7508e-19,3.7047e-05,0,1,0,-2.3966e-12,0.5,5.1371e-06,-1.3245e-13,0,0,2.5109e-10,,1.765,0.485,0.32,0
-2.342e-07,0,0,-1.171e-09,0,0,1,-5.709e-19,3.6703e-05,0,1,0,-2.3704e-12,0.5,5.1371e-06,-1.3239e-13,0,0,-2.3014e-10,,1.775,0.495,0.32,0
2.342e-07,0,0,-1.171e-09,0,0,1,6.7508e-19,3.6355e-05,0,1,0,-2.3439e-12,0.5,5.1371e-06,-5.1126e-14,0,0,-2.3014e-10,,1.785,0.505,0.32,0
2.342e-07,0,0,1.171e-09,0,0,1,-5.709e-19,3.6005e-05,0,1,0,-2.3171e-12,0.5,5.1371e-06,-5.107e-14,0,0,2.3014e-10,,1.795,0.515,0.32,0
-2.342e-07,0,0,1.171e-09,0,0,1,6.7254e-19,3.5651e-05,0,1,0,-2.2901e-12,0.5,5.1371e-06,-1.3239e-13,0,0,2.3013e-10,,1.805,0.525,0.32,0
-2.5592e-07,0,0,-1.2795e-09,0,0,1,-5.7175e-19,3.5294e-05,0,1,0,-2.2629e-12,0.5,5.1371e-06,-1.3256e-13,0,0,-2.5181e-10,,1.815,0.535,0.32,0
2.5591e-07,0,0,-1.2796e-09,0,0,1,6.7424e-19,3.4935e-05,0,1,0,-2.2355e-12,0.5,5.1371e-06,-5.046e-14,0,0,-2.5181e-10,,1.825,0.545,0.32,0
2.5592e-07,0,0,1.2795e-09,0,0,1,-5.709e-19,3.4572e-05,0,1,0,-2.2078e-12,0.5,5.1371e-06,-5.0404e-14,0,0,2.5181e-10,,1.835,0.555,0.32,0
-5.001e-07,0,0,5.8609e-11,0,0,1,6.7678e-19,3.4206e-05,0,1,0,-2.1799e-12,0.5,5.1371e-06,-1.325e-13,0,0,1.1657e-11,,1.845,0.565,0.32,0
2.442e-07,0,0,-1.2209e-09,0,0,1,-5.6666e-19,3.3837e-05,0,1,0,-2.1517e-12,0.5,5.1371e-06,-5.1736e-14,0,0,-2.4015e-10,,1.855,0.575,0.32,0
2.4419e-07,0,0,1.221e-09,0,0,1,6.717e-19,3.3465e-05,0,1,0,-2.1233e-12,0.5,5.1371e-06,-5.1736e-14,0,0,2.4015e-10,,1.865,0.585,0.32,0
-2.4419e-07,0,0,1.221e-09,0,0,1,-5.7175e-19,3.3089e-05,0,1,0,-2.0947e-12,0.5,5.1371e-06,-1.325e-13,0,0,2.4015e-10,,1.875,0.595,0.32,0
2.2204e-12,0,0,-1.1102e-14,0,0,1,6.7e-19,3.2711e-05,0,1,0,-2.0659e-12,0.5,5.1371e-06,-1.3262e-13,0,0,-5.5511e-15,,1.885,0.605,0.32,0
-3.14e-07,0,0,-1.57e-09,0,0,1,-5.7513e-19,3.233e-05,0,1,0,-2.0368e-12,0.5,5.1371e-06,-1.3262e-13,0,0,-3.1028e-10,,1.895,0.615,0.32,0
3.14e-07,0,0,-1.57e-09,0,0,1,6.6661e-19,3.1945e-05,0,1,0,-2.0074e-12,0.5,5.1371e-06,-5.8287e-14,0,0,-3.1027e-10,,1.905,0.625,0.32,0
3.14e-07,0,0,1.57e-09,0,0,1,-5.7513e-19,3.1558e-05,0,1,0,-1.9779e-12,0.5,5.1371e-06,-5.8176e-14,0,0,3.1028e-10,,1.915,0.635,0.32,0
-3.14e-07,0,0,1.57e-09,0,0,1,6.6407e-19,3.1167e-05,0,1,0,-1.9481e-12,0.5,5.1371e-06,-1.3256e-13,0,0,3.1027e-10,,1.925,0.645,0.32,0
-1.9665e-07,0,0,-9.8327e-10,0,0,1,-5.7259e-19,3.0773e-05,0,1,0,-1.918e-12,0.5,5.1371e-06,-1.3256e-13,0,0,-1.9261e-10,,1.935,0.655,0.32,0
1.9665e-07,0,0,-9.8324e-10,0,0,1,6.6492e-19,3.0377e-05,0,1,0,-1.8878e-12,0.5,5.1371e-06,-5.1736e-14,0,0,-1.926e-10,,1.945,0.665,0.32,0
1.9665e-07,0,0,9.8329e-10,0,0,1,-5.7344e-19,2.9977e-05,0,1,0,-1.8573e-12,0.5,5.1371e-06,-5.1625e-14,0,0,1.9261e-10,,1.955,0.675,0.32,0
-5.0952e-07,0,0,-5.8105e-10,0,0,1,6.6492e-19,2.9574e-05,0,1,0,-1.8265e-12,0.5,5.1371e-06,-1.3256e-13,0,0,-1.1622e-10,,1.965,0.685,0.32,0
3.1286e-07,0,0,-1.5644e-09,0,0,1,-5.7175e-19,2.9168e-05,0,1,0,-1.7956e-12,0.5,5.1371e-06,-5.1792e-14,0,0,-3.0884e-10,,1.975,0.695,0.32,0
3.1287e-07,0,0,1.5643e-09,0,0,1,6.5984e-19,2.8759e-05,0,1,0,-1.7644e-12,0.5,5.1371e-06,-5.1903e-14,0,0,3.0883e-10,,1.985,0.705,0.32,0
-3.1285e-07,0,0,1.5643e-09,0,0,1,-5.7175e-19,2.8347e-05,0,1,0,-1.7329e-12,0.5,5.1371e-06,-1.3234e-13,0,0,3.0883e-10,,1.995,0.715,0.32,0
-2.2204e-12,0,0,4.4409e-14,0,0,1,6.5814e-19,2.7931e-05,0,1,0,-1.7012e-12,0.5,5.1371e-06,-1.3256e-13,0,0,-1.1102e-14,,2.005,0.725,0.32,0
-7.6699e-07,0,0,-3.8349e-09,0,0,1,-5.7344e-19,2.7513e-05,0,1,0,-1.6693e-12,0.5,5.1371e-06,-1.3273e-13,0,0,-7.6314e-10,,2.015,0.735,0.32,0
7.6699e-07,0,0,-3.835e-09,0,0,1,6.5391e-19,2.7091e-05,0,1,0,-1.6372e-12,0.5,5.1371e-06,-5.5622e-14,0,0,-7.6314e-10,,2.025,0.745,0.32,0
7.67e-07,0,0,3.835e-09,0,0,1,-5.7768e-19,2.6667e-05,0,1,0,-1.6048e-12,0.5,5.1371e-06,-5.5567e-14,0,0,7.6314e-10,,2.035,0.755,0.32,0
-7.6701e-07,0,0,3.8349e-09,0,0,1,6.5391e-19,2.6239e-05,0,1,0,-1.5721e-12,0.5,5.1371e-06,-1.3273e-13,0,0,7.6314e-10,,2.045,0.765,0.32,0
-3.2594e-07,0,0,-1.6298e-09,0,0,1,-5.7598e-19,2.5809e-05,0,1,0,-1.5393e-12,0.5,5.1371e-06,-1.3239e-13,0,0,-3.2186e-10,,2.055,0.775,0.32,0
3.2596e-07,0,0,-1.6298e-09,0,0,1,6.5052e-19,2.5375e-05,0,1,0,-1.5062e-12,0.5,5.1371e-06,-5.0571e-14,0,0,-3.2187e-10,,2.065,0.785,0.32,0
3.2596e-07,0,0,1.6298e-09,0,0,1,-5.853e-19,2.4938e-05,0,1,0,-1.4729e-12,0.5,5.1371e-06,-5.0626e-14,0,0,3.2186e-10,,2.075,0.795,0.32,0
-3.2596e-07,0,0,1.6298e-09,0,0,1,6.429e-19,2.4498e-05,0,1,0,-1.4393e-12,0.5,5.1371e-06,-1.3262e-13,0,0,3.2186e-10,,2.085,0.805,0.32,0
-2.3927e-07,0,0,-1.1963e-09,0,0,1,-5.853e-19,2.4055e-05,0,1,0,-1.4055e-12,0.5,5.1371e-06,-1.3262e-13,0,0,-2.3512e-10,,2.095,0.815,0.32,0
2.3927e-07,0,0,-1.1963e-09,0,0,1,6.412e-19,2.3609e-05,0,1,0,-1.3715e-12,0.5,5.1371e-06,-4.9683e-14,0,0,-2.3512e-10,,2.105,0.825,0.32,0
2.3927e-07,0,0,1.1963e-09,0,0,1,-5.8445e-19,2.316e-05,0,1,0,-1.3372e-12,0.5,5.1371e-06,-4.9627e-14,0,0,2.3512e-10,,2.115,0.835,0.32,0
-2.3926e-07,0,0,1.1963e-09,0,0,1,6.3951e-19,2.2708e-05,0,1,0,-1.3027e-12,0.5,5.1371e-06,-1.3256e-13,0,0,2.3512e-10,,2.125,0.845,0.32,0
-2.4847e-07,0,0,-1.2423e-09,0,0,1,-5.8149e-19,2.2252e-05,0,1,0,-1.268e-12,0.5,5.1371e-06,-1.3256e-13,0,0,-2.4429e-10,,2.135,0.855,0.32,0
2.4846e-07,0,0,-1.2423e-09,0,0,1,6.3697e-19,2.1794e-05,0,1,0,-1.233e-12,0.5,5.1371e-06,-4.9183e-14,0,0,-2.4429e-10,,2.145,0.865,0.32,0
2.4846e-07,0,0,1.2423e-09,0,0,1,-5.8276e-19,2.1332e-05,0,1,0,-1.1978e-12,0.5,5.1371e-06,-4.9238e-14,0,0,2.443e-10,,2.155,0.875,0.32,0
-2.4846e-07,0,0,1.2423e-09,0,0,1,6.3612e-19,2.0868e-05,0,1,0,-1.1624e-12,0.5,5.1371e-06,-1.3245e-13,0,0,2.4428e-10,,2.165,0.885,0.32,0
-2.6302e-07,0,0,-1.3151e-09,0,0,1,-5.8318e-19,2.04e-05,0,1,0,-1.1267e-12,0.5,5.1371e-06,-1.3273e-13,0,0,-2.5944e-10,,2.175,0.895,0.32,0
2.6302e-07,0,0,-1.3151e-09,0,0,1,6.3443e-19,1.9929e-05,0,1,0,-1.0908e-12,0.5,5.1371e-06,-6.0785e-14,0,0,-2.5942e-10,,2.185,0.905,0.32,0
2.6302e-07,0,0,1.3151e-09,0,0,1,-5.7852e-19,1.9455e-05,0,1,0,-1.0546e-12,0.5,5.1371e-06,-6.0785e-14,0,0,2.5943e-10,,2.195,0.915,0.32,0
-2.6303e-07,0,0,1.3151e-09,0,0,1,6.3866e-19,1.8979e-05,0,1,0,-1.0183e-12,0.5,5.1371e-06,-1.3262e-13,0,0,2.5943e-10,,2.205,0.925,0.32,0
-2.8702e-07,0,0,-1.4351e-09,0,0,1,-5.7429e-19,1.8498e-05,0,1,0,-9.8163e-13,0.5,5.1371e-06,-1.3267e-13,0,0,-2.8367e-10,,2.215,0.935,0.32,0
2.8702e-07,0,0,-1.4351e-09,0,0,1,6.3782e-19,1.8015e-05,0,1,0,-9.4478e-13,0.5,5.1371e-06,-6.5614e-14,0,0,-2.8368e-10,,2.225,0.945,0.32,0
2.8702e-07,0,0,1.4351e-09,0,0,1,-5.7344e-19,1.7529e-05,0,1,0,-9.0769e-13,0.5,5.1371e-06,-6.5781e-14,0,0,2.8367e-10,,2.235,0.955,0.32,0
-2.8702e-07,0,0,1.4351e-09,0,0,1,6.4332e-19,1.704e-05,0,1,0,-8.7037e-13,0.5,5.1371e-06,-1.3262e-13,0,0,2.8367e-10,,2.245,0.965,0.32,0
-1.7245e-07,0,0,-8.6224e-10,0,0,1,-5.6963e-19,1.6548e-05,0,1,0,-8.3281e-13,0.5,5.1371e-06,-1.3278e-13,0,0,-1.6843e-10,,2.255,0.975,0.32,0
1.7245e-07,0,0,-8.6223e-10,0,0,1,6.429e-19,1.6052e-05,0,1,0,-7.9502e-13,0.5,5.1371e-06,-5.2236e-14,0,0,-1.6841e-10,,2.265,0.985,0.32,0
1.7245e-07,0,0,8.6225e-10,0,0,1,-5.709e-19,1.5554e-05,0,1,0,-7.5699e-13,0.5,5.1371e-06,-5.207e-14,0,0,1.6843e-10,,2.275,0.995,0.32,0
-4.5902e-07,0,0,-5.7063e-10,0,0,1,6.4078e-19,1.5052e-05,0,1,0,-7.1873e-13,0.5,5.1371e-06,-1.3267e-13,0,0,-1.1431e-10,,2.285,1.005,0.32,0
2.8657e-07,0,0,-1.4329e-09,0,0,1,-5.6921e-19,1.4548e-05,0,1,0,-6.8023e-13,0.5,5.1371e-06,-5.5733e-14,0,0,-2.8272e-10,,2.295,1.015,0.32,0
2.8657e-07,0,0,1.4328e-09,0,0,1,6.4417e-19,1.404e-05,0,1,0,-6.4149e-13,0.5,5.1371e-06,-5.5622e-14,0,0,2.8272e-10,,2.305,1.025,0.32,0
-3.8859e-07,0,0,9.2271e-10,0,0,1,-5.6582e-19,1.3529e-05,0,1,0,-6.0253e-13,0.5,5.1371e-06,-1.3273e-13,0,0,1.8425e-10,,2.315,1.035,0.32,0
1.0202e-07,0,0,-5.1012e-10,0,0,1,6.4544e-19,1.3015e-05,0,1,0,-5.6332e-13,0.5,5.1371e-06,-6.1395e-14,0,0,-9.8449e-11,,2.325,1.045,0.32,0
1.0202e-07,0,0,5.1012e-10,0,0,1,-5.6158e-19,1.2498e-05,0,1,0,-5.2388e-13,0.5,5.1371e-06,-6.1229e-14,0,0,9.8457e-11,,2.335,1.055,0.32,0
-3.3759e-07,0,0,-6.6771e-10,0,0,1,6.4629e-19,1.1978e-05,0,1,0,-4.8421e-13,0.5,5.1371e-06,-1.3273e-13,0,0,-1.3342e-10,,2.345,1.065,0.32,0
2.3556e-07,0,0,-1.1778e-09,0,0,1,-5.6243e-19,1.1455e-05,0,1,0,-4.443e-13,0.5,5.1371e-06,-5.8897e-14,0,0,-2.3188e-10,,2.355,1.075,0.32,0
2.3557e-07,0,0,1.1779e-09,0,0,1,6.4883e-19,1.0929e-05,0,1,0,-4.0415e-13,0.5,5.1371e-06,-5.9008e-14,0,0,2.3188e-10,,2.365,1.085,0.32,0
-2.3557e-07,0,0,1.1779e-09,0,0,1,-5.5904e-19,1.0399e-05,0,1,0,-3.6377e-13,0.5,5.1371e-06,-1.3273e-13,0,0,2.3189e-10,,2.375,1.095,0.32,0
-2.2255e-07,0,0,-1.1127e-09,0,0,1,6.4967e-19,9.8669e-06,0,1,0,-3.2315e-13,0.5,5.1371e-06,-1.3273e-13,0,0,-2.1845e-10,,2.385,1.105,0.32,0
2.2254e-07,0,0,-1.1127e-09,0,0,1,-5.6074e-19,9.3314e-06,0,1,0,-2.823e-13,0.5,5.1371e-06,-5.0848e-14,0,0,-2.1845e-10,,2.395,1.115,0.32,0
2.2254e-07,0,0,1.1127e-09,0,0,1,6.4713e-19,8.7929e-06,0,1,0,-2.4121e-13,0.5,5.1371e-06,-5.0848e-14,0,0,2.1844e-10,,2.405,1.125,0.32,0
-4.3486e-07,0,0,5.1098e-11,0,0,1,-5.6243e-19,8.2512e-06,0,1,0,-1.9988e-13,0.5,5.1371e-06,-1.3278e-13,0,0,9.9559e-12,,2.415,1.135,0.32,0
2.1233e-07,0,0,-1.0616e-09,0,0,1,6.4374e-19,7.7065e-06,0,1,0,-1.5831e-13,0.5,5.1371e-06,-5.6122e-14,0,0,-2.085e-10,,2.425,1.145,0.32,0
2.1232e-07,0,0,1.0616e-09,0,0,1,-5.6921e-19,7.1587e-06,0,1,0,-1.1649e-13,0.5,5.1371e-06,-5.6455e-14,0,0,2.085e-10,,2.435,1.155,0.32,0
-2.1232e-07,0,0,1.0616e-09,0,0,1,6.3697e-19,6.6078e-06,0,1,0,-7.4424e-14,0.5,5.1371e-06,-1.3267e-13,0,0,2.0851e-10,,2.445,1.165,0.32,0
-4.996e-12,0,0,-5.5511e-15,0,0,1,-5.7556e-19,6.0538e-06,0,1,0,-3.2095e-14,0.5,5.1371e-06,-1.3267e-13,0,0,-5.5511e-15,,2.455,1.175,0.32,0
-2.7062e-07,0,0,-1.3531e-09,0,0,1,6.3019e-19,5.4968e-06,0,1,0,1.0513e-14,0.5,5.1371e-06,-1.3278e-13,0,0,-2.6691e-10,,2.465,1.185,0.32,0
2.7063e-07,0,0,-1.3531e-09,0,0,1,-5.8276e-19,4.9366e-06,0,1,0,5.3426e-14,0.5,5.1371e-06,-5.8342e-14,0,0,-2.669e-10,,2.475,1.195,0.32,0
2.7062e-07,0,0,1.3531e-09,0,0,1,6.2426e-19,4.3734e-06,0,1,0,9.6689e-14,0.5,5.1371e-06,-5.8287e-14,0,0,2.669e-10,,2.485,1.205,0.32,0
-2.7062e-07,0,0,1.3531e-09,0,0,1,-5.8615e-19,3.8071e-06,0,1,0,1.4037e-13,0.5,5.1371e-06,-1.3278e-13,0,0,2.669e-10,,2.495,1.215,0.32,0
-2.1823e-07,0,0,-1.0911e-09,0,0,1,6.2003e-19,3.2377e-06,0,1,0,1.846e-13,0.5,5.1371e-06,-1.3267e-13,0,0,-2.1432e-10,,2.505,1.225,0.32,0
2.1823e-07,0,0,-1.0911e-09,0,0,1,-5.9208e-19,2.6652e-06,0,1,0,2.2955e-13,0.5,5.1371e-06,-5.4678e-14,0,0,-2.1433e-10,,2.515,1.235,0.32,0
2.1823e-07,0,0,1.0911e-09,0,0,1,6.1495e-19,2.0897e-06,0,1,0,2.7554e-13,0.5,5.1371e-06,-5.4734e-14,0,0,2.1432e-10,,2.525,1.245,0.32,0
-2.1823e-07,0,0,1.0911e-09,0,0,1,-5.9631e-19,1.5111e-06,0,1,0,3.2307e-13,0.5,5.1371e-06,-1.3284e-13,0,0,2.1433e-10,,2.535,1.255,0.32,0
-1.973e-07,0,0,-9.865e-10,0,0,1,6.0817e-19,9.2934e-07,0,1,0,3.7297e-13,0.5,5.1371e-06,-1.3256e-13,0,0,-1.9349e-10,,2.545,1.265,0.32,0
-1.7637e-07,0,0,-2.9595e-09,0,0,1,-6.0224e-19,3.4454e-07,0,1,0,4.2658e-13,0.5,5.1371e-06,-5.6677e-14,0,0,-5.8054e-10,,2.555,1.275,0.32,0
-1.7637e-07,0,0,-2.9595e-09,0,0,1,-6.0224e-19,3.4454e-07,0,1,0,4.2658e-13,0.5,5.1371e-06,-5.6677e-14,0,0,-5.8054e-10,,2.56,1.28,0.32,0
